<?xml version="1.0" encoding="UTF-8"?><?xml-stylesheet type='text/xsl' href='_UpgradeReport_Files/UpgradeReport.xslt'?><UpgradeLog>
<Properties><Property Name="Solution" Value="Resources">
</Property><Property Name="Solution File" Value="\\MATTHEW-LAPTOP\Matthew\Pro Silverlight 3\Code\Pro Silverlight 2\Chapter06\Resources\Resources.sln">
</Property><Property Name="Date" Value="Thursday, August 27, 2009">
</Property><Property Name="Time" Value="18:52 PM">
</Property></Properties><Event ErrorLevel="0" Project="Resources" Source="Resources\Resources.csproj" Description="Project converted successfully">
</Event><Event ErrorLevel="3" Project="Resources" Source="Resources\Resources.csproj" Description="Converted">
</Event><Event ErrorLevel="0" Project="ResourceClassLibrary" Source="ResourceClassLibrary\ResourceClassLibrary.csproj" Description="Project converted successfully">
</Event><Event ErrorLevel="3" Project="ResourceClassLibrary" Source="ResourceClassLibrary\ResourceClassLibrary.csproj" Description="Converted">
</Event><Event ErrorLevel="0" Project="ResourceClassLibrary2" Source="ResourceClassLibrary2\ResourceClassLibrary2.csproj" Description="Project converted successfully">
</Event><Event ErrorLevel="3" Project="ResourceClassLibrary2" Source="ResourceClassLibrary2\ResourceClassLibrary2.csproj" Description="Converted">
</Event><Event ErrorLevel="0" Project="" Source="Resources.sln" Description="The solution file does not require conversion.">
</Event><Event ErrorLevel="3" Project="" Source="Resources.sln" Description="No Conversion Required">
</Event><Event ErrorLevel="0" Project="Resources" Source="Resources\Resources.csproj" Description="Scan complete: Upgrade not required for project files.">
</Event><Event ErrorLevel="0" Project="ResourceClassLibrary" Source="ResourceClassLibrary\ResourceClassLibrary.csproj" Description="Scan complete: Upgrade not required for project files.">
</Event><Event ErrorLevel="0" Project="ResourceClassLibrary2" Source="ResourceClassLibrary2\ResourceClassLibrary2.csproj" Description="Scan complete: Upgrade not required for project files.">
</Event></UpgradeLog>